X,Y,Z
497.365,203.243,5.889
394.807,217.42,5.675
469.398,222.119,5.193
446.292,228.012,5.901
395.013,240.081,5.832
439.829,247.448,5.987
370.324,186.333,6.767
382.552,193.972,6.394
465.258,192.484,6.127
476.724,197.955,6.292
426.358,200.78,6.563
440.844,200.452,6.075
455.69,201.437,5.998
412.633,203.211,6.008
518.34,202.452,6.437
398.292,204.04,6.499
356.858,205.038,6.079
385.375,206.766,6.238
468.744,208.261,6.807
507.727,210.962,6.456
529.361,210.57,6.453
447.66,212.373,6.412
422.741,214.149,6.284
435.519,213.498,6.366
481.826,216.968,5.394
350.167,216.746,6.296
365.217,217.263,6.315
379.132,217.839,6.579
408.017,217.109,6.414
518.2,218.449,6.388
506.009,223.698,6.189
433,225.58,6.405
550.65,224.625,6.682
388.668,228.033,6.265
494.084,229.822,6.554
528.551,226.414,6.827
419.681,228.673,6.011
372.121,230.625,6.15
459.089,231.417,6.524
404.434,230.839,6.339
518.42,233.494,6.163
570.953,231.466,6.739
472.094,235.421,6.487
505.184,235.969,6.498
382.019,239.518,6.004
433.717,238.178,6.748
418.607,241.146,6.138
451.052,242.414,5.844
510.983,246.37,6.412
407.039,246.88,6.441
481.891,244.669,6.904
465.667,245.541,6.897
372.892,247.782,6.902
337.915,253.331,6.308
361.415,254.709,5.833
384.755,253.12,6.456
397.136,253.966,6.515
475.514,255.779,6.573
501.151,255.57,6.471
460.66,255.714,6.714
404.943,263.259,6.928
427.04,177.711,7.284
510.202,175.854,7.358
476.109,184.393,6.526
393.103,187.15,6.671
433.991,188.741,6.774
542.141,189.199,7
418.161,189.49,7.682
446.167,190.199,7.323
517.173,188.903,7.582
507.091,195.928,6.699
529.057,196.505,7.271
553.176,198.427,7.451
370.594,202.526,6.7
344.455,202.278,6.841
540.655,203.935,7.124
486.389,206.2,6.735
563.489,206.468,7.478
551.291,211.071,6.914
599.164,210.525,7.803
573.214,216.189,7.212
585.394,213.711,8.047
334.79,216.377,6.51
458.194,217.648,6.729
494.612,217.77,7.4
539.172,218.33,7.431
561.781,220.534,7.515
623.928,221.149,7.451
594.667,223.237,7.957
582.437,226.795,7.136
343.539,229.275,7.122
357.294,229.441,6.864
482.206,230.51,7.194
541.086,232.096,7.161
615.723,230.764,8.232
591.404,235.082,7.67
557.693,234.527,7.633
337.668,240.876,7.401
530.781,239.511,7.489
362.326,241.162,6.615
349.949,244.075,6.15
494.912,244.442,7.27
544.449,243.704,7.522
324.358,245.594,7.261
311.539,245.582,7.353
568.677,244.981,8.038
523.085,249.898,6.823
427.377,251.566,7.162
489.127,257.553,7.095
448.615,258.413,6.829
350.533,260.242,6.268
416.691,257.973,7.569
436.096,260.198,7.108
513.692,258.84,7.206
526.026,263.364,7.251
375.482,263.541,7.043
469.142,266.338,7.18
389.028,268.331,6.979
557.985,267.89,7.224
427.343,269.514,7.123
484.064,269.596,6.915
500.604,267.929,7.477
441.604,272.579,7.446
414.628,273.343,7.398
401.392,275.096,7.623
493.986,277.852,7.533
499.871,167.666,7.952
368.112,172.171,8.295
416.738,171.546,7.954
392.673,172.162,7.611
465.229,174.548,7.499
521.149,173.343,7.901
440.77,176.656,7.697
477.906,174.161,7.867
405.079,179.689,8.087
489.423,180.082,8.045
381.607,180.998,8.498
583.417,179.259,9.094
501.286,184.132,7.623
456.198,185.172,7.91
530.407,184.119,8.451
342.294,188.821,7.735
555.334,185.227,8.148
404.632,192.513,7.235
489.145,193.445,7.841
356.77,193.925,7.23
588.893,200.777,8.269
602.629,198.312,8.469
321.782,200.716,8.396
576.628,201.866,7.1
332.951,202.555,7.665
310.475,205.948,8.176
611.073,210.951,7.693
634.984,212.799,7.871
323.061,215.013,7.686
309.253,219.674,8.253
607.429,222.433,8.195
296.98,222.174,7.918
329.703,228.969,7.6
317.629,230.264,7.621
627.591,233.699,8.199
603.783,236,8.204
638.839,237.138,8.326
580.291,242.198,7.961
296.646,244.239,8.073
615.911,242.751,8.634
556.486,247.791,7.845
590.988,247.389,9.07
535.152,252.229,7.715
304.807,255.426,8.313
578.554,255.232,8.207
549.931,256.861,7.42
564.326,257.559,8.045
592.378,259.008,8.465
605.497,259.749,7.861
326.787,259.701,7.504
537.922,262.919,7.392
338.408,266.169,7.582
302.963,268.237,8.359
363.995,267.843,7.648
571.608,267.973,7.886
455.307,269.296,7.387
516.812,270.181,7.951
599.897,270.12,8.337
352.09,272.782,7.827
534.149,274.309,8.659
339.806,277.631,8.076
509.48,278.669,7.703
377.704,278,7.43
363.455,280.44,8.329
473.904,279,7.699
391.643,282.945,7.588
450.305,283.371,7.703
416.478,156.785,8.925
440.712,162.169,8.662
463.237,159.884,8.442
379.664,166.146,8.34
428.554,165.506,8.959
511.949,163.949,8.994
486.072,166.435,8.342
452.374,169.974,8.013
532.544,171.761,9.355
332.453,175.004,8.785
543.013,177.608,8.278
346.5,177.849,8.941
357.466,181.462,7.987
567.84,181.909,9.339
594.828,186.483,9.297
623.246,186.208,9.333
313.084,189.519,8.502
608.114,186.817,9.675
568.738,193.317,7.548
300.756,194.039,9.05
615.346,197.962,9.024
629.843,197.651,8.789
297.356,208.217,8.195
265.833,212.483,8.755
276.76,221.879,8.885
265.007,227.885,9.268
251.83,230.202,8.564
650.945,230.512,9.684
665.914,233.297,9.632
291.223,231.971,8.495
306.093,234.145,9.012
259.574,242.323,9.078
628.236,246.242,9.267
603.318,248.186,9.644
639.324,251.382,9.782
616.289,254.972,9.266
292.541,258.544,8.646
628.516,259.186,9.272
279.79,261.425,8.345
316.321,261.819,8.258
546.597,268.546,8.864
326.931,273.862,9.063
314.253,276.454,9.493
461.091,276.743,8.283
523.434,280.014,8.552
423.944,281.767,7.933
548.619,280.276,7.985
572.744,279.969,9.136
484.455,283.127,9.026
349.507,285.068,9.555
437.34,284.667,8.826
536.637,286.069,8.556
502.644,286.984,8.555
371.452,288.042,9.078
463.299,287.827,9.014
475.244,290.368,8.887
503.107,152.07,9.607
380.358,152.868,9.774
366.313,157.535,9.465
491.061,157.077,9.267
392.32,157.846,9.217
474.782,160.718,9.023
526.969,159.895,9.403
540.276,161.303,9.205
341.829,164.064,9.838
404.772,166.108,9.324
563.621,165.677,9.468
355.937,168.103,9.455
574.788,170.418,9.13
593.303,172.502,9.402
553.059,173.722,9.872
304.986,179.155,9.888
320.621,177.882,10.093
635.062,186.358,9.902
329.245,189.249,9.267
579.5,190.915,8.646
642.765,200.637,8.108
276.532,203.23,8.897
622.656,209.167,9.181
664.283,209.43,10.794
646.615,216.724,9.173
255.848,218.52,10.455
287.066,218.035,9.867
636.477,225.138,9.848
672.829,222.48,9.807
272.331,241.544,10.354
648.932,243.449,9.953
661.061,244.849,10.208
247.032,244.314,10.552
284.08,249.282,9.583
673.268,247.05,10.463
270.466,254.884,10.217
255.759,255.223,9.121
652.791,255.99,10.566
666.355,258.178,9.996
642.543,264.467,9.954
583.438,269.873,9.367
613.854,267.638,10.088
291.993,272.801,9.562
629.105,270.251,10.483
559.77,277.018,9.845
619.904,277.754,9.762
593.933,279.209,9.735
301.365,281.052,10.154
322.477,287.588,9.492
334.77,287.298,9.591
561.763,287.684,9.967
382.848,289.778,9.119
309.578,291.102,9.048
406.809,290.838,8.515
514.735,291.984,8.935
417.988,291.624,9.041
359.741,293.479,9.774
492.434,292.149,9.325
526.594,292.906,9.317
443.612,295.168,9.311
397.056,297.325,8.919
454.556,297.704,9
538.986,296.12,9.865
345.094,297.515,9.689
482.34,298.474,9.809
490.782,141.911,10.685
410.76,144.064,10.848
469.545,148.132,9.917
517.989,148.56,9.56
481.565,149.527,10.374
430.539,151.711,9.822
546.48,148.453,10.027
402.035,152.223,10.895
352.548,156.02,10.874
452.04,155.656,9.384
552.425,160.385,10.575
595.5,161.226,10.589
583.789,165.45,10.399
313.026,167.945,11.01
604.215,172.583,10.669
630,170.448,10.281
641.616,174.506,10.594
293.345,174.942,10.768
616.526,175.448,9.669
281.595,178.624,10.33
654.042,179.182,11.361
250.295,191.778,11.351
669.993,197.121,11.263
264.183,200.214,10.579
286.988,201.242,10.335
652.079,203.726,10.332
252.391,205.767,11.114
689.823,214.523,11.317
243.364,215.6,11.272
657.693,221.157,10.671
232.272,233.941,10.618
281.713,233.665,10.413
680.195,235.962,10.588
223.324,241.524,11.079
687.623,247.603,11.239
235.276,249.795,11.575
679.596,258.638,11.02
260.879,267.245,11.238
656.28,267.794,11
251.584,273.985,11.704
280.675,277.295,10.08
641.176,276.285,10.895
658.023,280.007,11.217
607.453,280.612,10.534
269.093,279.539,11.576
582.734,283.333,10.544
630.825,283.82,10.702
288.871,286.912,10.495
571.989,293.153,10.317
431.675,295.364,9.747
503.646,298.181,9.944
333.759,299.693,10.307
466.901,301.268,10.249
319.144,300.03,10.752
373.052,302,9.578
406.667,300.611,9.667
386.289,303.088,10.044
515.471,302.961,10.284
418.735,303.62,9.867
357.797,306.152,10.391
464.944,136.599,11.35
477.667,137.285,11.685
422.762,141.451,10.797
538.406,141.659,11.589
348.491,140.886,11.515
388.74,144.455,11.215
504.528,142.843,11.213
361.111,145.014,10.84
443.401,147.508,10.636
455.35,145.913,10.788
529.381,147.762,10.619
327.031,146.406,11.688
338.973,151.879,11.758
560.737,151.29,11.413
585.167,151.976,11.115
318.33,157.535,12.022
572.809,157.048,10.559
606.956,159.168,11.788
328.276,163.192,10.91
285.897,165.722,12.011
650.341,166.065,12.239
663.285,168.542,12.367
676.188,174.492,12.768
248.274,178.111,12.07
270.506,180.814,12.295
665.71,181.952,12.379
262.02,186.273,11.355
291.084,189.267,11.044
275.496,193.035,10.443
657.544,193.653,11.827
239.211,201.888,11.072
683.359,201.373,11.512
214.869,211.249,11.817
703.631,212.141,11.768
675.836,212.486,11.542
230.749,216.91,11.866
715.216,223.097,12.903
698.681,225.528,11.984
221.169,227.565,11.726
684.577,225.974,11.938
242.055,228.05,10.923
692.903,236.966,11.496
709.582,236.912,10.729
701.633,248.019,12.188
222.565,254.454,12.318
693.06,259.1,12.057
246.74,261.653,10.786
272.552,267.315,10.594
222.097,270.282,12.258
670.259,269.407,11.884
685.386,269.755,11.601
698.967,269.789,11.742
240.288,274.154,11.458
258.298,283.494,12.184
277.13,289.046,11.406
550.347,290.167,10.139
619.372,289.533,10.46
596.909,292.197,10.47
641.005,289.287,12.037
607.855,293.868,11.145
300.159,293.345,11.09
583.901,294.035,11.702
561.799,299.871,10.938
307.738,302.626,11.813
527,304.796,11.099
441.038,305.781,10.613
492.558,306.292,10.673
548.975,301.912,11.95
428.765,307.016,11.086
398.415,308.831,11.131
538.417,310.117,10.217
506.223,308.851,11.355
382.405,311.654,11.046
503.765,130.275,12.837
413.07,130.757,12.892
447.218,130.485,12.991
528.364,136.432,12.514
399.525,137.633,12.096
435.642,137.701,12.04
562.158,138.419,12.209
551.557,139.134,11.66
518.208,140.623,11.642
314.64,144.522,12.236
373.3,144.38,11.44
573.524,145.443,12.092
596.231,146.256,11.487
304.685,154.019,13.249
291.295,154.119,13.298
623.971,155.506,12.435
635.415,160.415,12.236
299.718,166.456,12.109
272.096,167.436,12.418
617.603,166.569,11.586
259.157,173.629,13.139
688.287,179.895,13.129
238.085,187.535,12.404
678.892,186.033,11.996
225.758,185.556,12.893
700.562,188.675,12.336
647.875,190.6,10.75
688.235,192.714,12.765
707.893,199.268,12.567
228.339,201.457,12.339
694.867,202.318,12.701
209.612,224.755,12.487
212.239,241.319,12.814
730.103,243.736,13.464
716.613,248.125,12.789
210.192,257.803,13.037
707.142,260.918,12.973
720.821,259.706,13.19
234.066,263.917,12.711
717.721,270.141,12.742
677.085,278.851,12.872
232.131,280.79,12.459
693.079,280.442,13.315
244.511,288.401,12.187
653.742,288.591,12.242
683.951,287.852,13.724
673.399,293.11,12.926
630.574,295.056,12.056
254.321,296.87,12.635
266.798,295.995,12.212
662.852,295.817,13.268
620.236,299.906,11.661
283.005,299.005,12.228
648.318,299.359,12.619
598.253,300.266,11.595
293.687,306.088,12.169
455.222,304.911,10.933
571.817,303.317,12.067
586.769,306.508,12.205
330.682,309.747,11.656
476.604,308.604,11.264
315.474,311.426,12.23
346.512,310.427,11.183
369.214,310.271,11.543
413.461,311.25,11.303
464.719,312.698,11.604
558.252,312.061,12.458
303.225,315.258,12.657
361.283,316.289,11.912
570.459,314.359,12.702
438.358,318.125,12.17
452.667,317.353,12.34
487.083,318.083,12.052
349.589,320.423,11.971
391.079,319.921,12.796
403.168,319.797,12.54
336.399,323.059,12.158
471.174,126.933,13.235
544.764,127.354,13.559
515.392,128.706,12.912
571.873,130.134,13.427
388.717,131.995,13.128
425.479,127.611,13.736
493.525,132.538,12.35
336.306,134.601,12.938
359.545,134.148,12.659
375.07,135.009,13.07
585.335,139.885,12.995
600.979,137.191,13.582
623.265,141.279,13.965
612.495,146.126,12.607
643.515,152.043,13.226
656.22,154.642,13.174
675.563,161.517,13.574
248.427,163.02,13.757
689.037,165.997,13.709
236.147,172.681,13.233
700.755,177.376,13.763
720.494,198.313,14.064
218.719,199.838,14.028
715.657,211.089,13.278
732.793,227.62,12.174
198.596,232.393,13.745
719.739,234.73,12.676
188.742,239.642,14.34
198.929,246.991,13.221
732.583,255.891,14.112
731.617,268.184,13.653
210.747,273.829,13.318
706.272,276.165,13.053
222.242,284.473,13.769
706.195,288.641,14.091
234.631,294.992,13.436
634.947,302.646,13.088
272.368,305.645,13.43
608.306,307.433,13.007
282.784,310.763,13.515
646.763,310.204,13.651
516.723,313.713,12.465
530.402,313.634,12.451
545.872,317.384,13.216
597.554,315.185,12.609
581.154,317.35,13.868
498.903,318.269,13.216
373.71,320.748,12.364
476.508,319.032,12.619
326.067,321.625,13.125
414.532,321.844,12.896
509.668,324.765,13.612
362.244,327.772,13.858
505.622,119.301,14.505
390.947,119.12,14.766
493.216,120.636,14.335
379.394,123.928,15.168
401.098,124.331,14.534
458.66,125.757,13.549
526.119,125.384,14.362
436.549,127.039,13.882
483.549,128.331,13.812
556.549,127.931,14.383
348.581,130.496,13.701
592.617,129.819,14.503
613.782,134.228,14.457
320.292,134.45,13.908
306.566,137.324,13.824
294.383,142.376,14.634
632.598,147.485,14.124
256.072,152.155,14.763
277.943,156.569,14.267
264.806,161.028,14.682
219.25,176.144,14.038
724.413,185.102,15.344
211.212,187.541,14.307
711.01,188.529,13.976
737.996,189.43,15.143
732.642,199.307,14.726
204.887,201.207,14.706
191.283,207.17,14.958
727.601,212.218,14.581
200.569,216.044,14.21
739.357,221.296,13.796
187.396,224.667,14.471
741.473,235.376,14.336
743.318,248.849,14.318
177.992,248.73,15.539
746.413,261.093,14.696
200.457,265.207,14.46
188.012,270.748,15.257
720.534,280.521,14.11
199.292,279.877,14.679
211.271,287.528,14.986
696.65,293.317,13.956
684.542,300.284,13.968
244.743,304.395,13.78
261.919,305.903,14.027
660.216,307.942,14.316
672.196,305.48,14.642
623.706,309.388,13.612
635.362,312.382,13.776
425.942,316.342,13.517
291.517,317.638,13.483
465.077,321.269,13.212
534.182,322.073,13.236
561.668,323.578,14.861
522.957,323.159,13.58
312.469,324.738,14.015
433.072,326.73,14.599
487.342,325.605,13.079
444.098,327.307,13.693
383.795,328.983,13.923
396.215,330.29,14.54
407.072,329.938,14.113
500.536,330.762,14.492
466.189,116.221,15.437
439.784,116.23,15.54
479,117.414,15.034
516.487,118.441,14.739
536.942,120.403,15.504
581.297,125.076,14.946
368.07,126.842,14.892
644.594,138.988,14.653
280.953,145.308,14.864
660.271,143.492,14.373
244.655,147.641,15.352
669.366,150.773,15.395
683.642,154.776,15.418
695.526,155.484,15.135
237.541,159.468,15.706
704.286,164.851,14.651
226.503,166.751,15.405
713.211,176.103,15.356
191.627,190.742,15.606
747.866,196.324,15.96
739.915,209.966,15.452
753.274,212.038,15.931
750.53,224.582,15.265
174.539,233.202,15.8
754.114,238.461,15.908
755.052,251.539,15.67
190.421,254.586,14.707
176.403,263.633,16.114
744.953,273.929,15.129
731.042,279.889,15.106
716.765,291.44,15.2
222.86,296.615,15.532
230.855,308.217,14.333
683.448,310.203,15.714
241.806,314.105,15.444
608.143,316.968,14.381
268.683,318.024,14.72
654.39,317.203,15.347
254.435,319.053,15.267
620.898,320.687,15.205
589.276,323.328,14.698
631.111,322.384,15.311
284.546,323.713,15.565
299.667,325.333,14.865
455.167,326.53,14.182
475.204,327.824,14.704
324.649,329.588,14.948
528.194,329.125,15.236
372.263,332.513,14.908
349.531,332.109,14.406
336.349,332.877,14.877
465.275,332.418,15.198
487.307,335.011,15.386
359.358,338.216,15.351
497.92,109.695,16.498
371.908,114.994,16.252
454.081,115.902,15.537
426.556,116.315,15.463
569.21,119.963,15.42
549.772,120.263,15.333
342.909,122.239,15.812
414.019,122.685,14.981
330.371,125.472,15.719
605.258,125.468,15.79
299.426,127.949,16.057
312.745,125.51,15.647
286.352,132.157,16.357
655.976,130.484,17.787
255.507,139.711,16.118
268.277,145.455,15.268
714.887,160.514,16.279
725.485,168.244,17.115
206.427,169.546,16.989
735.482,174.62,15.88
200.377,181.027,15.719
746.5,182.296,16.531
179.292,198.221,16.044
759.101,199.825,17.187
765.342,212.173,16.524
178.206,215.468,15.888
165.568,222.224,16.971
761.831,225.554,16.566
160.904,236.049,17.499
765.558,236.565,17.129
166.329,250.481,16.545
766.982,249.783,16.394
763.141,262.99,15.758
177.008,277.327,16.835
189.995,283.478,16.197
752.084,284.938,16.652
740.676,288.793,15.622
726.577,290.629,15.92
211.013,299.609,15.517
705.84,300.583,15.708
734.392,302.331,16.338
721.179,302.379,16.317
696.444,307.026,15.47
665.988,315.333,15.536
674.75,318.128,16.84
230.787,320.598,16.659
642.203,320.522,15.551
601.19,326.31,15.5
264.12,325.63,16.046
540.132,329.113,15.396
612.138,327.667,16.034
274.332,328.75,16.265
569.5,328.909,16.307
422.203,331.339,15.322
551.083,335.38,16.457
516.412,333.165,16.129
593.516,332.621,16.021
313.574,335.259,15.861
435.167,335.512,15.548
412.811,336.426,16.426
451.594,337.359,15.469
474.503,339.175,16.651
382.975,337.3,15.475
400.199,340.329,16.829
323.102,342.221,17.459
347.948,341.138,16.328
505.537,341.519,16.259
373.741,344.804,16.874
446.036,106.468,17.18
486.191,109.498,16.914
434.956,107.588,17.941
386.862,109.012,16.95
412.181,110.345,16.983
512.039,109.314,16.529
525.906,112.679,16.226
400.241,113.638,16.647
541.26,112.805,16.831
579.527,112.997,18.18
356.199,123.015,16.125
593.028,119.634,16.479
620.465,126.591,16.646
644.345,126.964,17.245
635.648,132.074,15.907
275.297,134.391,16.652
264.1,136.51,17.33
678.817,143.058,16.933
235.273,142.836,17.036
226.386,152.927,17.607
706.202,151.5,16.606
756.339,184.22,17.507
179.883,186.798,17.69
168.898,207.315,17.579
776.581,213.728,17.426
774.099,226.516,18.086
787.791,230.223,18.284
781.112,241.561,16.786
781.083,253.042,17.581
772.908,261.724,17.207
785.967,266.598,18.066
161.949,268.413,17.917
766.16,272.347,17.825
753.877,272.803,16.664
776.952,276.879,18.5
197.412,295.095,16.754
758.619,295.807,17.774
747,298.99,17.052
714.73,308.934,17.355
205.845,310.136,16.913
220.679,312.198,16.21
691.875,315.455,17.364
243.934,326.984,16.951
665.246,325.943,17.344
254.132,329.026,16.803
650.459,329.066,17.811
624.653,329.929,16.837
580.155,333.354,17.262
303.065,334.798,16.661
293.033,336.627,16.753
283.026,335.935,17.116
528.931,336.379,16.724
494.061,339.163,16.816
542.652,340.913,16.848
409.871,349.315,18.384
389.852,348.506,17.827
374.564,104.571,18.664
424.014,102.266,19.883
459.625,106.382,18.015
518.2,104.063,18.453
533.194,104.853,18.86
472.5,107.489,17.84
362.827,106.225,19.44
568.69,111.437,17.732
348.922,112.13,18.217
556.225,113.113,17.725
330.324,109.785,19.154
607.937,115.595,17.38
322.192,117.154,17.5
306.226,116.573,18.524
623.324,118.206,18.103
279.263,122.914,18.908
239.96,131.53,19.851
669.846,133.641,16.59
695.725,144.412,17.275
719.371,152.061,18.324
215.367,159.086,18.253
742.067,165.442,17.577
753.449,170.923,18.429
191.182,175.932,17.621
766.347,189.852,18.588
167.773,193.178,18.413
773.032,200.108,17.28
157.871,206.419,18.754
787.663,215.538,18.649
153.296,221.75,18.4
146.536,236.922,18.436
155.23,252.413,17.859
766.275,286.009,17.468
780.54,289.215,18.749
180.33,291.79,17.34
186.654,302.883,18.335
739.584,310.408,17.784
703.266,316.468,17.459
717.292,319.969,18.615
222.031,324.883,18.294
682.909,325.654,18.404
695.425,326.522,18.388
637.886,334.792,18.36
264.625,335.92,17.636
615.866,336.388,17.761
423.914,338.457,17.114
566.689,338.826,18.038
519.192,341.219,17.548
587.67,345.638,18.543
309.61,343.844,17.597
334.433,345.067,17.663
355.837,344.571,17.367
446.109,343.783,17.152
431.846,342.577,18.413
511.74,349.112,18.77
500.593,350.159,18.524
398.804,351.163,18.924
365.904,354.41,18.229
491.78,99.871,19.303
504.189,97.135,20.497
401.924,102.466,18.754
390.387,102.802,19.443
546.862,103.828,18.586
316.249,107.191,19.884
592.4,111.244,18.733
634.761,118.366,18.821
289,117.75,17.972
649.118,117.625,19.809
266.138,122.177,19.308
294.194,114.79,19.645
254.379,127.702,19.056
683.204,131.32,18.709
226.45,136.992,19.233
709.772,141.269,19.503
215.506,143.506,19.843
732.844,155.27,18.887
191.714,160.576,19.69
180.821,170.211,19.543
763.914,175.581,19.434
167.616,177.467,19.664
794.978,205.639,19.783
798.733,220.086,19.362
139.846,224.611,19.989
802.287,233.051,19.038
791.667,241.704,18.074
803.839,246.965,19.605
141.502,251.162,19.208
793.037,255.352,19.337
805.966,259.188,20.46
145.237,265.102,19.419
798.094,270.073,19.549
789.347,280.555,19.442
153.938,280.587,19.369
165.379,287.368,18.46
761.251,306.846,19.72
194.465,313.742,19.4
726.444,313.166,18.709
211.074,319.667,18.278
742.263,321.354,19.954
707.677,326.548,18.952
673.377,330.377,19.043
234.014,332.312,18.833
244.338,336.508,18.138
654.167,339.042,19.764
626.481,339.203,18.975
257.541,340.919,19.216
273.657,342.313,18.851
575.229,342.74,19.198
534.2,344.145,18.491
598.781,344.552,19.406
300.927,348.846,20.246
289.599,347.721,19.741
343.769,349.431,18.354
422.743,350.027,18.959
451.735,349.796,19.02
441.709,350.521,19.47
488.154,350.641,18.538
526,354.144,19.946
353.941,355.915,19.588
385.859,358.342,20.57
452.26,98.429,19.481
524.815,94.464,20.921
414.164,99.257,20.857
436.179,97.542,21.297
467.962,99.755,19.491
479.577,100.308,19.615
352.39,103.74,20.357
338.863,103.877,20.384
558.621,104.069,19.632
304.682,107.841,20.523
614.818,108.695,20.675
671.081,126.297,19.351
698.911,134.933,19.111
203.255,150.711,20.13
760.716,161.932,20.37
156.904,185.175,20.524
776.853,186.837,19.716
789.115,191.395,20.554
147.113,195.532,20.226
782.082,201.612,19.122
145.017,211.105,20.063
133.072,237.655,20.433
816.105,247.024,21.041
811.025,271.314,20.54
802.509,283.377,20.16
794.88,292.918,20.767
151.412,294.508,21.181
771.388,295.478,19.045
163.368,296.482,19.474
174.512,299.488,19.035
750.026,308.513,19.128
774.909,309.814,21.161
178.702,315.684,20.89
200.034,325.295,20.102
723.621,331.299,21.077
212.095,329.736,20.313
661.128,332.468,18.957
685.988,335.185,20
700.075,334.075,20.013
611.738,344.639,19.377
267.612,347.438,19.775
546.698,346.233,19.14
563.716,347.642,20.126
474.646,349.727,19.909
632.992,348.234,20.113
311.883,352.011,19.457
327.444,352.738,19.841
431.267,352.481,20.407
463.098,354.842,19.917
375.64,357.099,20.161
493.765,358.549,19.706
401.857,94.206,21.254
379.266,97.798,21.239
537.356,97.411,21.1
571.605,102.814,20.791
587.717,96.481,23.845
603.202,106.904,20.862
628.321,108.538,20.83
639.554,108.615,21.662
282.041,114.162,20.405
270.551,115.439,20.969
662.064,114.455,22.554
255.848,117.519,21.342
682.99,122.188,20.896
694.08,124.12,21.673
709.921,125.166,22.921
210.165,134.976,21.646
725.571,145.013,20.779
740.145,148.758,21.016
748.127,158.028,20.113
169.718,163.429,21.317
774.168,169.838,21.341
786.174,177.32,21.483
809.425,209.641,20.939
128.803,211.197,21.704
810.51,223.817,21.34
128.598,252.855,21.07
818.667,259.661,20.884
138.027,274.884,21.604
140.278,286.861,21.158
784.23,299.706,21.497
166.448,311.538,21.697
760.264,325.358,21.856
767.459,319.332,21.229
734.696,332.104,21.148
714.822,334.31,21.721
225.688,335.625,20.344
671.814,339.721,20.512
234.884,341.928,20.348
246.187,345.496,20.797
649.569,348.55,22.215
621.234,349.553,20.787
538.082,350.803,20.639
574.17,350.819,20.851
607.296,350.741,20.37
259.112,351.061,20.98
280.594,352.172,20.609
553.233,352.57,20.733
594.6,353.962,21.431
340.531,356.312,20.641
564.405,355.324,20.459
269.151,356.444,21.516
421.212,357.75,20.692
314.406,358.348,21.587
451.017,358.966,20.831
470.831,360.489,22.629
484.823,360.723,20.808
508.889,363.032,22.206
517.63,358.696,20.609
398,359.515,20.838
440,359.967,21.189
363.886,361.457,20.829
351.996,367.68,22.944
472.302,92.462,22.594
485.788,92.717,22.01
447.281,91.109,22.609
459.877,91.642,22.895
508.01,88.101,23.657
551.048,93.802,22.377
653.4,101.723,25.279
246.04,122.973,21.12
224,126.973,21.653
718.701,134.289,22.072
734.188,135.503,23.183
194.529,143.413,21.587
754.748,151.707,22.272
183.709,152.86,21.686
771.615,155.122,23.109
155.464,173.089,22.637
796.659,182.538,22.734
802.917,194.917,21.271
137.597,196.963,22.142
821.902,219.801,22.184
123.235,226.993,22.186
825.02,234.874,21.909
810.82,235.987,21.859
118.152,240.416,22.496
827.843,249.991,22.783
127.962,267.192,21.938
823.238,273.828,21.874
814.899,283.534,22.047
155.247,308.951,22.623
792.699,313.016,22.623
188.938,323.123,21.538
746.011,330.552,21.92
212.599,339.443,22.521
693.492,342.381,21.667
683.518,344.87,22.278
666.641,348,21.734
238.905,352.2,22.495
290.823,355.452,22.129
641.693,355.954,23.667
583.09,356.179,22.119
545.578,357.695,22.781
329.434,360.585,21.34
570.473,360.37,22.849
411.417,361.048,21.786
457.782,365.285,23.006
557.921,364.792,24.079
341.084,364.785,22.43
373.123,365.397,22.151
393.459,366.888,22.735
540.845,88.945,23.982
368.908,93.134,22.639
389.113,91.199,23.903
356.807,93.57,22.889
344.038,94.75,23.237
330.711,95.561,23.672
576.952,98.429,22.5
301.549,100.118,22.725
289.109,103.761,22.728
273.891,105.265,23.992
261.746,108.726,24.69
672.986,115.671,22.643
745.135,140.5,23.222
173.252,151.44,23.616
158.436,157.657,24.064
791.139,168.867,23.797
142.63,182.76,23
810.821,185.638,23.927
812.064,198.909,23.173
820.551,207.115,23.006
116.294,216.373,24.168
834.663,226.576,23.087
116.174,256.386,22.765
831.454,264.575,22.925
126.674,289.267,23.116
807.554,294.127,22.675
796.5,302.128,22.615
138.87,302.786,23.244
778.986,321.868,23.472
183.67,334.098,23.593
199.68,334.82,22.38
704.062,343.062,22.354
224.429,346.869,23.012
248.329,353.951,23.085
625.964,355.473,22.4
616.167,360.325,23.437
281.889,357.711,22.489
604.6,360.655,22.673
260.472,361.123,23.434
321.98,365.086,22.775
592.283,362.63,22.978
426.704,366.452,23.193
499.294,364.784,22.902
404.727,369.175,23.541
549.952,370.838,26.398
383.838,370.595,23.91
481.82,80.552,26.464
494.51,87.677,24.583
564.581,87.753,24.473
422.845,89.8,24.4
610.13,91.466,25.866
629.889,101.333,23.278
640.429,101.46,24.032
249.573,111.683,24.012
239,118.542,23.969
701.855,117.377,24.435
214.054,127.107,23.625
200.946,134.562,23.973
183.062,142.5,23.609
780.571,162.939,23.388
146.664,165.294,24.58
125.983,190.478,24.816
119.85,201.25,23.85
836.779,240.489,23.588
105.628,245.403,24.869
840.971,254.191,23.941
118.324,276.139,23.509
833.399,277.641,23.621
823.478,287.403,23.149
823.209,300.691,24.191
809,306.28,24.475
801.358,317.45,24.333
148.651,316.289,25.06
161.24,321.521,23.656
792.116,325.674,24.116
169.212,332.301,25.026
755.071,336.46,23.584
717.326,344.116,23.163
696.12,348.88,24.08
217.024,349.56,24.536
707.206,350.762,24.159
675.934,351.869,23.656
664.278,356.191,24.07
302.629,361.7,23.557
534.778,362.827,23.519
272.794,363.889,24.159
525.818,368.93,24.517
313.556,366.417,23.222
584.121,366.986,25.099
479.819,369.695,24.909
328.309,372.098,24.657
415.795,369.217,23.928
444.387,369.299,24.533
361.467,371.8,23.222
370.448,375.701,24.31
471.526,83.702,24.246
364.632,84,26.353
516.431,85.323,24.646
409.787,85.76,24.8
351.713,83.328,27.543
378.026,84.856,26.263
398.704,87.667,25.056
576.891,91.4,24.255
321.282,92.296,24.662
308.63,93.137,24.836
621.675,93.938,25.112
293.491,93.921,26.158
282.407,98.07,25.198
693.045,109.202,25.124
223.477,119.114,24.295
723.361,128.222,24.25
188.549,133.5,25.439
758.19,140.276,24.362
135.333,174.566,24.698
802.872,175.021,24.755
824.13,190.562,25.774
833.76,208.962,24.987
845.713,218.345,25.184
108.988,230.179,24.805
844.228,229.781,25.421
107.582,262.695,25.237
842.618,267.51,24.304
116.145,289.921,24.75
835.642,291.725,24.887
125.773,300.375,25.125
778.825,334.959,24.825
744.357,339.31,24.024
730.427,344.78,24.439
192.423,345.814,25.911
765.6,341.706,25.318
204.63,347.013,25.364
685.487,351.821,24.205
718.064,350.574,24.596
242.927,361.146,24.073
635.027,364.599,25.741
286.5,364.267,24.467
573.977,366.166,25.423
610.878,365.204,24.755
296.73,367.587,24.857
491.655,369.862,24.81
514.759,370.852,24.87
305.468,371.81,27.095
501.396,371.17,24.925
595.204,370.643,25.857
339.746,374.082,25.328
469.792,374.963,25.856
394.381,375.01,25.433
537.803,79.708,27.68
339.948,83.931,27.69
434.06,86.84,25.36
599.338,89.465,25.493
633.579,94.088,25.86
666.04,102.069,26.198
236.653,106.066,27.674
676.049,106.524,26.451
200.753,123.699,25.699
748.141,131.533,26.228
171.165,135.545,28.065
165.856,146.317,26.151
768.136,142.464,26.544
154.569,150.373,26.02
792.089,147.601,28.716
799.129,162.903,26.148
816.209,177.985,25.463
835.592,195.031,26.5
110.723,201.677,25.6
848.184,250.421,25.132
96.276,253.445,26.575
851.345,261.473,26.351
854.832,271.972,26.047
103.824,279.276,26.307
842.647,281.328,26.319
824.062,309.846,25.462
134.854,312.722,25.847
811.537,319,26.037
155.833,327.385,25.513
799.733,326.013,25.893
790.633,336.592,26.392
178.738,343.326,26.44
753.509,347.538,26.302
743.113,351.575,26.606
227.872,355.974,24.718
676.469,360.519,25.889
666.417,366.148,26.745
539.643,369.659,26.349
450.385,376.868,26.923
420.752,377.28,26.536
438.289,377.772,27.425
353.796,379.63,25.722
460.589,379.164,27.237
381.811,381.462,27.836
443.642,80.556,27.099
453.873,79.6,26.873
490.197,80.427,27.274
548.621,79.798,27.798
559.042,75.936,30.777
575.193,83.933,27.267
302.031,85.48,30.234
645.075,95.2,26.4
260.67,100.826,26.904
247.079,105.711,26.237
214.141,115.141,26.732
727.124,118.038,27.829
780.493,145.824,27.294
133.52,162.079,27.599
815.245,166.544,28.27
121.439,175.653,27.087
111.012,188.411,27.589
843.158,205.5,26.355
102.383,213.051,27.393
854.206,225.548,27.164
98.044,231.804,26.614
852.589,237.979,26.432
857.852,250.556,27.074
95,270.459,27.388
854.471,285.937,26.977
832.177,302.633,26.532
113.517,302.195,27.218
821.307,322.895,27.882
143.472,324.31,26.944
167.858,340.717,27.402
778.495,343.141,26.889
766.587,348.815,27.587
216.413,360.823,28.868
689.172,360.441,26.978
277.293,369.39,25.976
265.127,369.364,26.618
625.788,371.88,28.062
288.894,374.177,27.702
604.44,376.922,29.679
315.141,374.919,28.067
489.763,378.828,27.677
333.743,382.698,29.84
402.314,384.992,30.037
499.776,75.974,29.033
512.432,75.561,28.682
525.246,76.711,28
413.23,78.639,27.77
464.358,70.579,30.572
426.43,77.181,29.808
326.088,84.721,29.028
314.444,89.417,27.972
271.42,93.52,27.48
685.937,104.111,27.397
223.783,108.391,27.913
190.477,120.186,28.128
738.232,120.474,28.877
180.534,127.28,28.596
759.185,132.685,27.611
155.462,139.823,28.638
142.395,151.837,27.814
824.1,176.825,27.1
832.036,184.618,27.736
862.803,234.58,28.446
86.869,239.397,28.77
85.605,258.652,28.566
862.981,263.208,27.377
94.196,284.393,28.473
104.624,293.59,27.906
844.807,297.175,27.105
836.58,308.96,27.72
122.262,310.82,27.607
830.861,321.139,28.564
129.394,323.596,28.111
813.5,330.45,28.715
802.045,336.866,27.993
150.545,340.494,29.683
789.376,346.238,28.743
757.683,356.754,28.579
203.591,357.341,27.955
720.403,357.944,27.819
226.494,362.782,28.506
236.725,364.475,27.075
651.981,365.096,27.308
699.858,365.432,29.295
679.776,368.755,29.19
247.125,369.275,28.25
614.588,373.816,29.221
561.163,374.721,27.628
346,380.615,28.218
503.872,379.681,28.191
391.73,383.393,28.809
356.75,386.765,29.132
452.586,69.66,31.633
389.728,80.437,29.049
601.247,81.649,28.909
624.868,85.849,28.887
637.701,86.709,29.615
667.268,95.429,28.929
250.893,97.661,29.393
713.746,109.441,29.034
205.105,116.579,28.404
751.735,125.551,28.367
772.739,134.326,29
803.474,155.526,28.053
835.496,172.272,29.952
109.556,176.235,29.383
841.281,183.471,29.893
97.814,196.098,29.304
847.785,196.62,28.532
854.412,211.847,28.694
89.242,221.254,29.22
864.576,222.717,29.232
869.558,244.718,29.356
872.464,256.464,28.92
862.923,273.692,28.654
867.414,286.616,28.545
857.783,296.246,28.797
848.918,304.953,28.776
142.068,334.254,28.881
179.016,351.016,28.677
777.494,350.266,29.038
236.408,371.99,30.233
655.937,375.873,30.493
260.646,376.63,31.264
570.828,374.345,29.164
270.554,378.282,31.186
539.472,379.194,27.944
582.92,380.83,29.86
322.163,383.661,31.004
478.344,381.947,30.511
369.52,386.271,30.645
400.024,75.758,30.508
436.154,75.754,29.877
585.835,77.825,30.65
615.962,80.516,31.812
648.939,84.939,31.827
263.961,89.194,32.261
680.097,95.532,30.048
694.436,99.921,30.663
210.778,108.806,29.861
782.653,135.337,30.137
132.505,150.968,30.832
814.464,152.735,31.551
121.313,164.351,29.832
89.289,205.937,31.109
77.054,247.426,30.609
75.17,263.801,30.674
872.736,268.274,30.168
85.351,275.586,29.712
95.73,298.703,29.459
106.985,305.864,29.758
116.887,318.4,30.426
840.868,318.535,29.904
162.065,348.734,30.194
194.151,357.523,29.767
772.379,357.828,30.31
739.81,361.94,30.226
726.086,364.172,29.774
205.942,366.932,32.162
711.869,367.689,30.131
691.865,367.135,29.405
634.412,374.889,30.458
282.065,378.818,30.325
535.812,383.652,31.63
500.398,386.955,32.443
413.512,390.03,32.525
475.667,67.16,32.687
495.941,68.585,32.797
486.391,70.022,32.196
531.021,71.137,32.147
377.583,72,32.295
366.944,75.685,30.315
312.512,79.829,30.878
290.524,80.762,32.451
281.263,85.409,32.188
660.389,89.269,31.657
222.302,102.208,31.17
719.292,105.271,30.875
762.696,123.557,32.478
803.909,147.848,31.556
98.709,182.846,32.086
851.907,190.034,30.89
860.745,198.25,31.568
867.421,208.955,30.876
875.845,220.292,32.009
78.048,230.681,31.599
874.882,232.553,30.965
879.552,243.543,31.914
881.535,256.881,30.287
885.394,272.417,32.712
874.5,280.755,30.735
83.533,289.96,31.213
869.215,294.908,30.677
861.578,306.778,30.156
851.302,315.396,31.705
835.233,328.698,30.837
130.103,331.923,30.615
810,339.13,30.783
823.896,337.417,30.667
169.989,358.284,32.771
751.75,363.536,31.036
731.981,372.51,32.743
666.584,377.557,32.349
689.588,374.088,31.838
645.314,379.628,32.157
432.235,385.123,31.568
450.859,387.151,32.741
470.215,386.528,33.014
508.159,384.773,30.5
522.441,385.026,32.621
346.887,389.158,32.03
489.769,388.808,32.431
519.785,65.733,33.363
387.776,71.243,32.991
548.16,73.68,31.46
595.994,73.124,33.099
640.793,79.248,33.091
272.53,85.274,33.518
253.07,89.097,33.102
674.57,89.164,33.109
244.225,93.24,33.279
710.406,100.55,32.883
194.421,112.632,31.263
182.586,117.086,32.867
753.404,116.862,32.945
776.698,124.836,33.379
153.325,130.136,33.331
143.427,141.907,31.373
826.55,156.592,32.917
110.412,164.255,32.776
830.88,164.62,32.04
89.196,192.704,32.575
877.365,210.385,31.904
77.152,216.416,32.769
66.398,260.597,33.221
75.816,281.118,32.401
88.426,303.123,31.861
103.179,316.316,32.3
865.1,318.534,33.224
845.93,325.256,31.209
133.538,340.63,33.106
182.447,362.388,33.031
765.145,362.362,31.551
228.057,369.491,31.509
720.438,369.65,32.25
249.804,375.304,31.768
678.715,379.176,33.158
571.439,383.801,33.235
297.011,384.711,33.282
440.912,388.962,32.823
548.338,386.754,33.323
559.12,383.667,33.443
339.083,393.119,33.429
363.93,69.193,33.482
441.582,67.295,33.467
405.542,69.115,33.687
572.226,72.274,33.594
345.878,71.98,33.724
334.676,73.912,33.186
607.704,75.509,33.352
322.642,78.528,33.491
660.232,83.203,33.609
701.373,93.88,33.265
231.344,95.466,33.527
741.965,109.929,33.776
167.709,123.066,33.658
789.404,129.627,33.708
119.099,153.641,33.69
843.324,167.176,33.527
847.94,175.353,33.629
862.841,185.934,33.781
78.747,200.692,33.67
883.24,228.16,32.32
892.747,240.329,33.382
67.622,241.139,32.844
889.725,252.725,33.125
62.342,274.613,33.782
880.028,292.417,33.093
75.772,294.822,33.396
872.104,304.68,33.24
110.563,324.43,33.063
845.627,332.819,33.808
117.338,333.831,33.569
830.745,338.145,32.909
817.126,344,33.103
803.641,354.925,33.717
156.18,355.87,33.65
793.308,355.667,32.359
194.92,367.736,33.502
745.688,370.55,33.925
216.442,371.096,32.673
698.525,375.424,33.068
612.4,381.717,33.517
421.829,389.329,33.549
460.726,388.104,33.415
360.85,391.875,33.55
538.981,67.757,33.86
507,66.54,33.885
417.774,68.755,33.604
686.972,92.389,33.639
218.65,97.125,34
727.75,102.566,34.316
196.284,106.379,34.103
801.222,137.009,33.957
128.661,142.136,33.881
100.084,168.807,33.871
871.929,196.071,33.381
885.128,217.744,33.756
67.211,227.801,33.801
895.302,232.349,34.07
59.434,249.06,34.127
895.698,270.892,33.942
65.299,288.507,34.097
889.486,290.708,33.917
883.457,302.446,34.109
89.756,312.744,33.906
96.949,323.338,33.897
857.548,326.286,33.619
839.294,342.672,34.139
146.281,351.4,33.812
824.207,347.829,33.829
813.607,353.417,34.024
785.449,360.606,33.984
770.831,366.797,33.881
757.21,369.617,33.975
225.75,375.94,34.024
708.627,378.015,34.03
688.375,380.018,33.786
630.896,383.24,33.885
514.34,387.981,33.566
482.47,389.106,33.697
389.689,392.378,33.778
431.231,392.646,33.938
529.442,64.209,34.209
433.381,65.762,34.508
550.345,66.109,34.364
586.093,70.721,34.256
314.658,74.868,34.211
628.69,78.595,34.048
142.977,134,34.419
811.675,140.875,34.338
860.204,176.086,34.312
90.533,177.911,34.311
878.614,197.772,34.298
888,206.44,34.35
68.51,210.1,34.28
891.86,221,34.419
57.813,222.374,34.385
897.5,256.048,34.21
54.396,262.479,34.365
907.157,271.325,34.337
895.532,279.766,34.362
69.125,301.125,34.562
875.333,314.492,34.27
864.395,333.209,34.512
111.182,335.705,34.477
123.217,343.072,34.391
133.314,351.933,34.419
779.917,368.444,34.389
717.076,375.608,34.278
237.389,381.639,34.472
698.945,382.691,34.236
275.391,384.413,34.37
591.578,386.778,34.267
602,387.25,34.389
380.6,391.275,34.45
327.057,392.811,34.208
397.295,69.682,34.591
79.854,188.104,34.604
68.929,199.571,34.625
56.66,235.509,34.717
45.674,241.022,34.674
907.579,249.737,34.658
47.928,252.565,34.623
54.411,291.911,34.625
898.325,291.35,34.65
893.316,303.193,34.649
82.178,317.489,34.6
99.422,335.311,34.644
858.076,340.981,34.642
